skill,logo,type
Python,python,tech
SQL,mysql,tech
Microsoft Power BI,microsoftpowerbi,tech
C++,cplusplus,tech
JAVA,openjdk,tech
HTML,html5,tech
CSS,css3,tech
Javascript,javascript,tech
React,react,tech
Node.js,nodedotjs,tech
Linux,linux,tech
Shellscript,gnubash,tech
AWS,amazonaws,tech
Docker,docker,tech
Git,git,tech
TensorFlow,tensorflow,tech
PyTorch,pytorch,tech
Scikit-learn,scikitlearn,tech
Pandas,pandas,tech
NumPy,numpy,tech
Raspberry Pi,raspberrypi,tech
Microsoft Office,microsoftoffice,tech
Microsoft Excel,microsoftexcel,tech
Google Appsheets,,tech
Google Sheets,googlesheets,tech
Apache,apache,tech
Data Collection,,soft
Data Visualization,,soft
Data Warehouse,,soft
Data Modeling,,soft
Statistical Analysis,,soft
Machine Learning,,soft
Data Coding,,soft
Insightful Analysis,,soft
Historical Data Analysis,,soft
Data Analysis,,soft
Software Development,,soft
Web Development,,soft
Agile Methodologies,,soft
Problem Solving,,soft